country,clothing_model_page,Total_Purchase
29,B4,152880
29,B10,144921
29,A11,132308
29,A9,110618
29,B13,100750
29,A3,98712
29,A2,97051
29,P1,95798
29,B24,89148
29,A4,75886
29,A17,72540
29,A5,70735
29,A8,68572
29,A31,68448
29,C5,67920
29,B31,67032
29,A15,65868
29,B1,65094
29,A10,62700
29,P6,61232
29,B26,59736
29,A21,58900
29,B14,58218
29,C17,57408
29,B11,56631
29,B16,56368
29,A6,55513
29,A12,52706
29,P15,51604
29,P3,51216
29,B3,51064
29,A7,50912
29,B2,50160
29,C56,49761
29,A1,49728
29,B21,49580
29,P16,46299
29,B30,45201
29,B12,44954
29,B17,44840
29,B15,43966
29,B32,43700
29,B27,43092
29,B23,42104
29,C7,41760
29,A14,41400
29,P4,39140
29,C13,36384
29,C2,36163
29,A37,35340
29,C9,35040
29,P17,35036
29,A16,34551
29,C21,33801
29,B19,33440
29,A13,32732
29,B9,32640
29,P33,32551
29,P82,32400
29,A29,32340
9,A9,32144
29,C8,31632
29,P12,30822
29,C4,30720
29,C29,30472
29,C12,30358
29,P39,30143
29,C54,29184
29,C35,27850
9,A11,27838
9,A3,27576
29,B29,27404
29,A18,27056
29,A22,27032
29,P14,26980
29,P2,26712
29,P48,26631
29,C33,26496
29,P11,26258
29,B6,25896
29,A41,24983
29,A33,24890
29,P10,24375
29,C34,24096
29,C18,24000
29,C1,23800
29,P26,23521
29,B34,23424
29,C55,23424
29,C40,23072
29,C11,22836
29,B22,22579
29,B25,22458
29,P23,22456
29,A38,22010
29,C14,21965
29,B8,21476
29,B5,21268
29,C58,21120
29,P49,21054
29,C19,21024
29,C44,20790
9,A2,20640
29,A30,20520
29,C53,20178
9,A5,20081
9,A21,19716
29,A27,19690
29,C6,19437
29,C59,19188
29,P70,19152
29,C57,18909
29,P34,18672
9,B4,18512
29,P13,18354
29,C46,18336
29,P36,18189
9,A8,17918
29,P78,17568
29,C36,17544
29,P19,17520
29,A28,17458
29,P77,17458
29,P8,17416
29,P5,17135
29,A20,16530
29,A32,16340
29,P50,16236
9,A12,16226
29,A34,15998
29,C41,15932
29,P7,15876
9,A10,15580
29,P37,15566
29,C30,15512
29,C49,15340
29,B28,15238
9,B10,15075
9,A17,15004
29,A42,14980
29,P18,14952
29,P65,14792
29,P41,14706
29,B20,14663
29,C15,14520
29,B7,14402
29,P20,14329
9,A6,14018
29,A26,13832
29,C27,13680
29,A39,13680
29,P55,13662
29,P61,13636
29,C16,13384
9,B1,13224
29,P60,13188
9,C56,13167
29,P43,12882
9,C5,12720
29,A35,12507
29,P9,12443
9,A4,12350
29,C10,12292
29,P72,12210
29,C45,12100
9,A31,12090
29,A43,12028
29,C26,11816
29,C50,11800
29,P59,11666
9,A7,11610
29,P29,11418
29,P51,11396
9,B2,11115
29,B33,11088
9,A15,10989
29,A25,10944
29,C25,10923
9,B16,10868
29,C28,10560
29,A40,10526
29,C3,10511
29,C24,10494
29,P56,10362
29,C42,10360
9,C17,10224
29,C39,10164
29,P25,10105
29,C23,10019
29,A24,9936
29,A23,9867
9,B24,9804
29,P46,9800
9,A14,9780
29,P57,9632
29,C48,9212
29,P40,9159
9,B3,9152
29,A36,9141
9,B13,9114
29,C51,9100
29,P21,9042
29,C32,8877
29,C38,8816
9,B15,8550
29,C22,8514
9,B31,8436
29,C37,8428
29,A19,8415
9,B26,8379
9,A22,8370
29,P74,8316
29,C20,8256
29,C31,8118
29,P81,7998
9,A16,7788
9,A1,7784
29,P63,7728
29,P30,7656
29,P67,7486
29,P47,7476
9,A13,7448
29,P42,7420
9,B27,7410
29,P71,7128
9,A37,7068
29,P44,7028
9,C2,6966
9,C7,6912
9,C34,6864
9,A29,6780
29,P38,6732
29,P69,6665
29,P73,6633
29,P53,6612
29,P76,6536
9,C9,6432
9,B17,6346
9,C29,6240
9,B23,6194
9,C54,6099
9,A32,5928
9,C35,5800
9,B19,5700
29,P80,5684
29,P24,5633
29,P35,5628
9,A18,5624
29,P58,5624
24,B4,5512
9,B14,5456
29,C52,5358
9,C8,5328
9,B30,5244
9,C21,5187
29,P75,5148
9,C57,5148
29,P27,5016
9,A33,4864
9,C13,4848
9,B6,4836
9,B32,4826
9,C40,4816
29,P62,4752
9,A41,4730
29,P45,4620
9,B34,4608
9,C49,4550
9,C18,4512
9,B11,4472
9,C36,4343
29,P68,4300
24,A9,4182
9,C12,4171
24,A11,3968
29,P32,3956
46,A9,3936
29,P64,3920
9,C11,3894
24,B10,3886
9,A38,3782
9,A30,3762
9,C41,3668
9,C4,3648
9,A34,3610
9,B9,3552
29,P52,3542
29,C47,3528
9,B5,3484
9,C1,3472
24,A31,3472
29,C43,3416
9,C55,3408
24,A3,3384
24,A12,3382
9,A26,3382
46,A8,3348
46,A2,3311
9,B12,3268
46,B4,3172
9,C33,3168
9,B29,3162
24,A21,3100
9,C14,3059
46,A3,3024
9,C10,3024
9,B8,3016
9,B21,3015
9,C24,3003
24,B13,2976
24,A5,2967
9,C59,2964
9,C39,2926
9,C44,2915
46,B2,2907
46,B1,2907
24,A10,2888
9,C50,2880
46,C5,2832
9,A39,2812
9,C38,2812
9,C45,2805
9,C30,2800
9,A28,2752
9,C48,2716
46,A5,2709
9,C19,2688
24,B1,2679
9,C53,2622
9,A20,2622
9,C25,2607
24,A8,2604
24,A17,2604
9,A23,2574
9,B25,2546
24,A2,2537
9,C16,2492
46,B10,2412
9,A19,2409
9,A35,2409
29,P31,2409
9,C22,2408
9,C23,2365
9,A24,2352
9,C42,2324
46,A10,2280
24,A6,2236
46,A4,2204
9,B28,2166
9,C6,2112
46,A7,2064
9,C46,2064
46,A6,2064
24,B15,2052
24,B2,2052
24,B14,2046
44,A11,2046
9,A27,2035
46,B6,2028
46,C2,2021
9,B7,2014
46,A11,1984
9,C58,1968
9,A42,1960
9,C37,1935
46,B5,1924
9,A43,1922
9,C27,1920
9,A36,1914
24,A4,1900
9,B33,1881
46,C7,1872
46,C4,1872
29,P66,1849
9,C51,1840
24,C17,1824
24,C4,1824
24,B24,1824
9,C32,1782
46,B3,1768
24,B3,1768
46,B24,1767
9,C3,1725
24,A7,1720
24,B16,1716
9,A25,1710
24,A13,1708
24,P6,1677
9,B22,1675
9,A40,1672
9,C26,1652
44,A9,1640
24,P3,1632
24,C21,1596
44,A2,1591
9,C28,1584
9,C20,1584
9,C31,1584
24,A37,1550
24,A1,1540
24,C34,1488
24,C5,1488
9,C15,1485
46,A1,1484
24,B27,1482
44,B24,1425
44,B4,1404
24,C58,1392
24,A14,1380
24,A29,1380
44,A3,1368
46,B13,1364
24,B29,1364
46,B16,1352
24,C35,1350
24,P15,1330
24,A15,1320
24,A22,1302
44,A8,1302
16,A3,1296
24,A30,1292
9,C52,1292
24,C44,1265
24,B11,1247
46,B14,1240
21,A5,1204
24,B9,1200
24,C56,1197
24,P1,1178
46,A15,1155
46,C6,1155
46,C1,1148
24,A18,1140
46,C56,1140
24,B17,1140
44,B10,1139
44,A5,1118
46,A17,1116
24,C7,1104
24,C18,1104
46,B23,1102
24,A32,1064
24,C13,1056
24,A16,1056
21,A11,1054
41,A11,1054
46,A21,1054
24,C59,1040
46,B11,1032
24,P43,1026
44,P1,1026
46,A12,1026
24,B31,1026
24,P4,1026
46,B21,1005
44,B13,992
44,A6,989
24,B12,988
24,B6,988
16,A9,984
24,C54,969
46,B27,969
46,P1,950
24,P17,950
21,A2,946
44,A7,946
24,C50,940
16,B10,938
24,B8,936
44,A21,930
44,A31,930
44,A17,930
24,B26,912
9,B20,903
21,A9,902
24,C1,896
46,B8,884
24,C30,868
24,C33,864
41,A2,860
24,C2,860
34,C21,855
9,C47,846
24,B32,836
24,C57,825
34,A9,820
24,C8,816
46,C46,816
21,A8,806
24,A38,806
24,P9,805
46,B31,798
46,B17,798
16,B1,798
24,P16,792
24,C11,792
44,A1,784
41,B4,780
24,P33,774
24,A28,774
46,P6,774
24,P70,760
24,B23,760
44,A10,760
44,P16,759
16,A11,744
44,B26,741
44,B1,741
41,B10,737
24,B22,737
46,C3,736
24,A42,728
9,C43,728
16,B4,728
24,C24,726
44,B23,722
46,B15,722
24,C53,722
34,A3,720
10,A3,720
34,A2,688
24,P40,688
46,C54,684
46,B19,684
46,B12,684
46,B26,684
21,B1,684
24,B30,684
41,A8,682
41,B13,682
44,B5,676
24,P82,672
24,C48,672
24,B21,670
24,C14,667
46,A14,660
44,A14,660
44,A4,646
24,P36,645
24,A41,645
44,P6,645
24,C12,645
24,B33,627
46,P16,627
46,B30,627
41,B24,627
34,B2,627
46,A16,627
44,C8,624
24,C29,624
24,B34,624
21,C4,624
42,A21,620
46,A37,620
24,P14,608
46,P15,608
34,A12,608
24,B28,608
24,A33,608
34,C12,602
16,A6,602
34,C35,600
24,P12,594
24,C31,594
46,A13,588
21,C17,576
46,C17,576
46,B9,576
44,C5,576
24,C55,576
44,C4,576
44,B3,572
21,B4,572
24,P59,570
46,B32,570
44,B27,570
16,B30,570
24,P11,570
34,B1,570
24,P26,559
16,A5,559
34,A22,558
34,A8,558
34,A38,558
21,A14,540
46,B25,532
24,P58,532
24,B19,532
21,P1,532
44,B12,532
24,A39,532
24,P13,532
46,P12,528
44,C9,528
24,B5,520
24,C51,520
44,B16,520
44,B11,516
21,A7,516
34,A5,516
16,B2,513
44,B30,513
46,C21,513
41,A3,504
12,A3,504
16,A1,504
44,C35,500
16,A8,496
16,B13,496
38,A37,496
34,A11,496
23,A8,496
16,A31,496
21,B13,496
34,C44,495
16,A10,494
46,B7,494
16,A4,494
46,A18,494
46,P82,480
44,C7,480
16,A29,480
21,C5,480
34,C13,480
24,C9,480
24,P23,476
46,P39,473
34,A6,473
41,B11,473
34,B10,469
38,B10,469
44,B21,469
16,B3,468
46,C29,468
21,C59,468
46,P4,456
41,B31,456
34,B31,456
44,B31,456
41,P1,456
24,B7,456
34,A10,456
41,C35,450
44,C1,448
44,A13,448
44,B14,434
41,A21,434
41,A17,434
44,C13,432
21,A3,432
21,P82,432
24,C20,432
44,C17,432
34,C4,432
23,A7,430
24,C36,430
24,P77,430
34,B11,430
24,P29,429
44,C10,420
41,A1,420
46,A29,420
44,B15,418
44,B32,418
46,B28,418
24,A34,418
44,B17,418
24,B25,418
24,A20,418
34,B3,416
24,C49,416
41,B3,416
22,A9,410
46,B22,402
44,B2,399
34,C54,399
16,B31,399
38,B27,399
16,B24,399
24,P56,396
24,C32,396
44,A15,396
24,C25,396
24,P61,392
46,C41,392
24,P2,392
24,C10,392
44,P10,390
21,P33,387
16,A7,387
24,P65,387
21,C2,387
24,P57,387
24,P25,387
16,A2,387
24,P39,387
24,A27,385
41,C19,384
34,C34,384
41,B9,384
46,C13,384
34,C5,384
44,P3,384
46,C9,384
16,C13,384
46,C33,384
24,P34,384
16,A12,380
21,B17,380
16,B32,380
44,P4,380
34,A4,380
41,B23,380
11,A31,372
44,A22,372
44,B29,372
24,A43,372
28,A11,372
34,A31,372
21,B16,364
34,C59,364
24,C40,364
21,C49,364
21,B3,364
21,A15,363
24,A19,363
34,A29,360
21,C35,350
44,C14,345
24,P20,345
16,C12,344
16,C36,344
46,P33,344
16,B20,344
16,B11,344
46,A41,344
16,B26,342
41,B2,342
16,B23,342
16,B17,342
44,B7,342
24,P67,342
24,P53,342
16,P1,342
46,A30,342
21,C21,342
41,B27,342
24,A25,342
41,A12,342
44,A12,342
41,C56,342
34,B30,342
21,A12,342
34,B26,342
24,A26,342
44,C56,342
41,B26,342
31,B31,342
46,A32,342
46,A33,342
16,C5,336
24,P18,336
46,C40,336
46,A24,336
21,C55,336
41,C17,336
46,C34,336
41,C4,336
41,P3,336
16,B9,336
44,C19,336
44,C34,336
24,P78,336
16,B22,335
44,B22,335
16,B21,335
21,C11,330
24,P21,330
46,C11,330
44,C45,330
34,C45,330
24,P49,330
44,A16,330
34,C57,330
23,A9,328
27,A9,328
10,A9,328
24,P10,325
16,P10,325
16,B6,312
34,C29,312
46,C49,312
44,C59,312
34,B4,312
44,A37,310
16,A17,310
46,A31,310
21,A37,310
44,A38,310
10,A8,310
42,A31,310
34,B13,310
34,B14,310
31,B14,310
44,C40,308
24,C41,308
21,C1,308
24,C39,308
24,P7,308
46,C42,308
34,B17,304
41,B12,304
46,P59,304
34,C38,304
21,A10,304
44,B19,304
44,B25,304
25,P1,304
24,C52,304
3,P1,304
24,A40,304
24,P37,301
34,A41,301
21,P39,301
21,P77,301
34,A7,301
21,P6,301
24,P81,301
22,A2,301
46,A35,297
21,P12,297
24,P30,297
44,C11,297
21,A16,297
24,P48,297
16,C9,288
34,B9,288
46,C18,288
34,C27,288
46,C55,288
21,C8,288
34,C33,288
46,C8,288
34,C28,288
44,P78,288
21,C58,288
21,C7,288
24,C28,288
24,C46,288
16,C17,288
24,P19,288
34,C18,288
46,C58,288
27,B24,285
14,B30,285
44,C21,285
34,C56,285
16,C56,285
21,C56,285
34,B24,285
31,B24,285
21,C40,280
24,P46,280
46,P8,280
24,C16,280
44,C50,280
21,A1,280
24,C45,275
24,C47,270
10,B10,268
16,B12,266
41,B32,266
34,B15,266
24,C38,266
46,P17,266
46,P13,266
16,P11,266
16,P15,266
34,A33,266
37,P70,266
41,C57,264
34,A15,264
46,C15,264
41,A15,264
24,C15,264
24,P55,264
16,B5,260
16,B16,260
31,B16,260
44,C29,260
41,C59,260
27,B4,260
12,B4,260
41,B16,260
34,B6,260
44,B8,260
12,A5,258
34,C22,258
24,P76,258
41,P6,258
41,A5,258
46,P57,258
46,C12,258
46,B20,258
11,A41,258
24,C37,258
44,C2,258
24,C3,253
24,P5,253
34,C1,252
24,C42,252
46,C35,250
42,C35,250
12,A31,248
22,B13,248
41,A37,248
21,A17,248
16,B14,248
37,B13,248
21,A21,248
34,A37,248
34,A17,248
21,B14,248
46,A22,248
12,A8,248
15,A9,246
28,A9,246
12,A9,246
15,C9,240
46,P3,240
46,B34,240
21,P3,240
41,A24,240
44,P19,240
37,B9,240
16,A14,240
44,C46,240
46,P34,240
44,C58,240
24,C27,240
24,C19,240
41,A14,240
44,C27,240
21,C33,240
21,B9,240
44,C49,234
11,A23,231
44,C31,231
16,A15,231
16,A16,231
42,A15,231
24,P74,231
24,A35,231
16,C39,231
46,A23,231
46,C57,231
46,C25,231
46,C14,230
9,P15,228
41,A4,228
46,P14,228
21,B26,228
41,B1,228
44,A20,228
44,C54,228
28,A12,228
15,B1,228
21,P14,228
44,P14,228
21,P15,228
34,B23,228
21,P59,228
37,A4,228
9,P1,228
34,B19,228
37,B1,228
21,P4,228
17,B27,228
16,B19,228
46,C48,224
16,C26,224
16,C1,224
46,P7,224
24,P35,224
41,A27,220
46,C45,220
44,C44,220
22,A3,216
38,A3,216
42,A6,215
10,A6,215
10,A5,215
21,P65,215
24,C22,215
38,B11,215
41,P33,215
12,B11,215
41,A41,215
41,P25,215
11,A28,215
46,P26,215
44,C12,215
21,P26,215
24,B20,215
16,C2,215
34,B16,208
16,C29,208
11,B5,208
28,B4,208
34,B5,208
10,B4,208
11,B4,208
11,B3,208
16,C59,208
34,C14,207
31,B22,201
34,B21,201
31,B10,201
27,B10,201
39,B10,201
27,C35,200
46,C24,198
16,P16,198
24,P71,198
21,C57,198
24,P50,198
11,A36,198
24,P45,198
24,P62,198
37,A15,198
44,B33,198
16,A35,198
44,C32,198
24,P38,198
21,P16,198
41,C32,198
24,A23,198
46,C30,196
37,C40,196
46,C10,196
34,A1,196
34,C41,196
46,A42,196
44,P2,196
46,P10,195
21,B34,192
21,C34,192
11,C18,192
9,P34,192
34,B34,192
9,P78,192
21,C27,192
42,C8,192
3,C18,192
27,C4,192
34,C9,192
16,A24,192
28,C5,192
34,C20,192
44,C28,192
24,A24,192
34,C19,192
44,C55,192
3,C46,192
16,C33,192
44,B9,192
27,C46,192
46,P78,192
16,C55,192
16,P3,192
3,P3,192
10,A12,190
21,C53,190
44,A33,190
3,P15,190
41,P14,190
28,P15,190
16,B25,190
41,P15,190
21,P17,190
12,A4,190
12,A12,190
34,A34,190
27,P4,190
46,A25,190
11,B15,190
42,A33,190
44,A26,190
44,P17,190
15,A20,190
21,A18,190
41,A10,190
46,C53,190
21,B23,190
15,A4,190
44,P13,190
21,B19,190
44,P15,190
41,A38,186
14,B13,186
15,A31,186
16,A38,186
16,B29,186
37,A17,186
12,A17,186
44,A43,186
27,A31,186
41,A22,186
12,A11,186
42,A43,186
34,B29,186
12,B14,186
27,A8,186
28,A17,186
31,A37,186
3,A31,186
34,A21,186
22,A11,186
28,A8,186
46,A38,186
12,A21,186
41,B14,186
16,C14,184
44,A29,180
34,A14,180
28,A29,180
12,A29,180
12,A2,172
24,C23,172
44,P37,172
24,P41,172
44,P26,172
16,P6,172
11,C12,172
16,P39,172
27,P6,172
21,P41,172
22,A6,172
38,A2,172
21,C22,172
42,C2,172
44,A41,172
24,P32,172
21,P37,172
9,P65,172
3,P39,172
21,C36,172
12,A7,172
3,C36,172
44,B20,172
21,P25,172
21,A6,172
3,P26,172
41,A6,172
21,P36,172
42,C21,171
27,B26,171
20,B24,171
21,B24,171
21,B27,171
21,C54,171
37,C21,171
43,B31,171
34,B27,171
28,B24,171
11,C21,171
31,B30,171
21,B2,171
41,C21,171
3,B26,171
41,C54,171
42,B24,171
16,B27,171
34,C10,168
24,P8,168
44,P23,168
44,P7,168
21,C30,168
44,C30,168
24,P80,168
44,C26,168
41,C40,168
34,A16,165
28,A15,165
24,C6,165
46,P50,165
44,P49,165
16,C11,165
21,C24,165
46,P29,165
12,A16,165
37,P55,165
34,A27,165
16,P50,165
3,P48,165
46,C44,165
3,C31,165
44,A27,165
3,P50,165
34,C31,165
41,A9,164
46,P9,161
46,C50,160
3,C29,156
21,C29,156
15,C29,156
15,B4,156
22,B4,156
16,B8,156
32,B4,156
46,C59,156
27,B16,156
12,B16,156
42,B4,156
22,B16,156
2,B4,156
41,B6,156
27,C39,154
44,C39,154
44,A30,152
16,A34,152
12,P17,152
44,B28,152
41,C38,152
27,P15,152
44,A18,152
22,A4,152
15,A18,152
16,A33,152
46,P70,152
31,B23,152
21,A4,152
41,B25,152
44,P11,152
41,A20,152
3,B32,152
41,B19,152
42,A18,152
44,A39,152
41,A32,152
46,P43,152
34,A39,152
46,A34,152
12,P1,152
3,A10,152
44,A34,152
16,B7,152
44,A32,152
46,P67,152
46,A39,152
46,A40,152
16,P59,152
34,B7,152
41,P11,152
42,C38,152
27,A18,152
38,C35,150
10,C35,150
15,B9,144
3,C4,144
3,C34,144
11,B9,144
31,C33,144
11,C17,144
21,P78,144
41,C13,144
44,P82,144
16,C4,144
9,P3,144
22,B34,144
21,P34,144
25,P3,144
3,A3,144
16,B34,144
37,P78,144
22,C4,144
34,C58,144
22,C5,144
41,P82,144
27,C9,144
16,C18,144
21,C13,144
46,C19,144
27,C19,144
21,C9,144
34,C7,144
25,P82,144
41,C7,144
41,C27,144
16,P63,140
16,P23,140
46,P2,140
24,P42,140
44,C41,140
44,C16,140
24,C26,140
16,C42,140
24,P60,140
21,P8,140
21,P51,140
21,A13,140
44,C51,140
41,P2,140
12,P23,140
41,A42,140
46,C16,140
44,P8,140
27,A1,140
46,C26,140
21,P20,138
46,P5,138
42,B10,134
41,B21,134
22,B21,134
2,B10,134
31,B21,134
21,B10,134
37,B10,134
27,B22,134
34,B22,134
39,B22,134
39,B21,134
15,B10,134
21,P29,132
16,B33,132
21,C25,132
9,P55,132
44,C24,132
41,A16,132
16,C15,132
16,P48,132
42,A16,132
3,C11,132
21,P71,132
24,P72,132
24,P73,132
16,P12,132
44,A19,132
21,P72,132
41,B33,132
41,C49,130
9,P10,130
41,C23,129
21,P57,129
16,P33,129
27,A2,129
22,A7,129
34,A28,129
37,C12,129
22,A5,129
16,P57,129
37,B11,129
44,C22,129
16,C37,129
46,P76,129
21,P40,129
34,B20,129
34,C36,129
46,P41,129
41,P26,129
41,C2,129
3,P33,129
3,P6,129
42,A41,129
44,C37,129
15,P6,129
46,C23,129
23,A2,129
38,C2,129
16,A28,129
44,P33,129
31,B20,129
38,A5,129
9,P33,129
16,P81,129
46,P36,129
46,P37,129
41,P77,129
41,A7,129
42,C36,129
44,P65,129
16,P77,129
10,A2,129
16,P76,129
16,C23,129
28,P6,129
27,B13,124
27,A21,124
27,A11,124
42,A17,124
31,B13,124
16,A22,124
22,A17,124
21,A31,124
15,A11,124
21,B29,124
14,A17,124
46,B29,124
38,B14,124
32,A31,124
43,A31,124
38,A11,124
3,A17,124
15,B29,124
10,A38,124
37,A31,124
10,A17,124
41,A43,124
22,B29,124
42,B13,124
12,B13,124
22,A37,124
16,A21,124
37,A38,124
31,B29,124
39,A38,124
10,A11,124
22,A8,124
38,A29,120
16,C51,120
41,A29,120
22,A29,120
37,P9,115
41,P9,115
41,A34,114
10,B1,114
10,B23,114
31,B26,114
10,B2,114
44,C38,114
41,P17,114
28,A10,114
44,C53,114
31,B32,114
15,B12,114
10,A4,114
9,P59,114
14,B24,114
34,B32,114
41,A33,114
39,B31,114
14,B2,114
10,B27,114
12,B19,114
12,B17,114
38,C56,114
44,P59,114
38,P14,114
41,P59,114
12,B1,114
38,C54,114
12,A10,114
12,C56,114
32,P1,114
46,A20,114
11,B30,114
42,B1,114
44,P43,114
46,A26,114
11,B19,114
11,A25,114
16,A26,114
10,C53,114
41,A18,114
14,A32,114
10,C21,114
10,C54,114
9,P4,114
16,A32,114
3,C53,114
44,A25,114
16,B15,114
21,B15,114
21,B32,114
21,B7,114
28,C56,114
3,B24,114
21,P11,114
21,P43,114
27,C21,114
3,A4,114
2,C56,114
46,P53,114
21,P70,114
22,A10,114
22,B1,114
22,B17,114
22,B19,114
22,B2,114
22,C21,114
27,C54,114
42,B27,114
42,B2,114
44,A40,114
21,B12,114
3,C54,114
9,P17,114
16,C21,114
31,B12,114
27,B1,114
9,P43,114
41,P13,114
34,A20,114
16,C53,114
16,C54,114
41,B15,114
16,P13,114
41,B28,114
27,B15,114
41,P4,114
9,P14,114
3,P70,114
16,P70,114
9,P13,114
28,B1,114
16,P4,114
41,B17,114
16,P43,114
9,P51,112
34,C30,112
37,P44,112
3,C40,112
27,C48,112
34,C43,112
46,P61,112
46,P23,112
9,P18,112
27,A13,112
24,C43,112
21,P80,112
41,P8,112
15,C40,112
15,C26,112
16,C41,112
16,P18,112
21,P61,112
16,P2,112
21,P63,112
21,C48,112
44,P18,112
42,A13,112
41,A13,112
16,C10,112
44,P51,112
34,A13,112
41,C41,112
41,P61,112
16,P61,112
44,A42,112
21,C45,110
16,C44,110
16,C45,110
31,A27,110
38,C45,110
46,A27,110
34,C47,108
27,B3,104
12,B3,104
41,C29,104
3,B3,104
28,B16,104
31,B4,104
34,B8,104
21,B5,104
21,B8,104
41,B5,104
22,B6,104
31,B5,104
34,C49,104
15,B16,104
2,B3,104
42,B3,104
27,C49,104
37,C59,104
36,B4,104
22,B5,104
46,C51,100
41,C51,100
46,P30,99
46,P75,99
3,C15,99
24,P27,99
28,C11,99
34,C6,99
22,A16,99
46,P74,99
37,A23,99
42,P16,99
43,A35,99
21,P50,99
21,P49,99
21,P48,99
27,C24,99
34,A19,99
16,P72,99
15,A15,99
44,P71,99
41,C15,99
12,A15,99
44,P50,99
46,A19,99
34,A35,99
44,P48,99
44,P38,99
44,P30,99
10,C24,99
44,P12,99
44,C6,99
31,P16,99
15,A19,99
44,C25,99
16,P71,99
3,P16,99
31,C32,99
46,C31,99
16,P21,99
16,P49,99
34,B33,99
44,C57,99
41,P16,99
44,C15,99
41,C18,96
41,C33,96
27,C8,96
27,P19,96
28,C4,96
28,P3,96
41,B34,96
28,A24,96
37,C55,96
27,C55,96
11,C46,96
9,P19,96
9,P82,96
10,C13,96
10,C33,96
10,C4,96
10,C5,96
34,A24,96
31,C8,96
12,B34,96
38,C7,96
38,C9,96
12,C5,96
27,C5,96
12,C8,96
46,C28,96
3,P82,96
38,C34,96
3,C9,96
3,C7,96
3,C5,96
3,C33,96
3,C17,96
46,P19,96
3,C13,96
38,C17,96
38,B9,96
3,A24,96
37,B34,96
37,C13,96
37,C28,96
37,C9,96
12,C9,96
16,C58,96
31,C46,96
16,P78,96
21,C19,96
21,C28,96
21,C46,96
42,P82,96
42,C7,96
22,C20,96
42,B34,96
22,P19,96
25,C5,96
25,P19,96
41,P78,96
41,P19,96
41,C8,96
27,C18,96
41,C58,96
19,P3,96
20,C5,96
44,C18,96
16,C28,96
31,C19,96
31,C13,96
44,C33,96
16,P19,96
16,C27,96
44,C20,96
16,C7,96
28,C17,96
16,C46,96
16,C34,96
44,P9,92
9,P9,92
34,C3,92
44,P20,92
44,P5,92
31,B11,86
34,P26,86
39,B20,86
36,B11,86
34,C23,86
37,C2,86
34,C2,86
31,C23,86
27,B11,86
15,A41,86
44,P41,86
44,P40,86
44,P39,86
12,P6,86
27,A6,86
41,C22,86
13,A7,86
44,C36,86
16,P25,86
16,P26,86
16,P37,86
16,P41,86
16,P65,86
17,A2,86
44,A28,86
21,B20,86
27,C2,86
22,C36,86
23,A5,86
23,A6,86
42,A5,86
24,P68,86
24,P69,86
25,A2,86
25,P26,86
41,P76,86
41,P40,86
41,P24,86
28,A2,86
27,A41,86
3,P36,86
2,B11,86
3,C37,86
3,C22,86
3,C2,86
3,P25,86
3,C12,86
3,A7,86
3,A6,86
46,C36,86
3,P77,86
9,P69,86
10,A7,86
10,B11,86
46,P77,86
46,A28,86
46,P81,86
28,A6,86
11,C36,86
12,A41,86
44,P77,86
44,P57,86
38,A13,84
21,P64,84
24,P47,84
24,P44,84
3,C10,84
2,A13,84
22,A1,84
44,P47,84
21,P2,84
21,C42,84
21,C10,84
34,C40,84
32,A42,84
16,P80,84
16,P7,84
3,P42,84
16,P60,84
16,P51,84
16,C30,84
16,A13,84
44,C42,84
34,A42,84
39,A1,84
12,P8,84
28,C1,84
41,C48,84
41,C26,84
41,C1,84
27,C30,84
28,A13,84
41,C10,84
28,A1,84
3,A9,82
25,A9,82
38,C50,80
41,C50,80
16,C50,80
38,C49,78
3,C49,78
10,C39,77
41,C39,77
34,C39,77
28,P1,76
3,C38,76
42,B23,76
41,A40,76
27,C53,76
2,B12,76
12,A39,76
46,P11,76
12,B23,76
36,B12,76
27,P1,76
28,B23,76
34,A18,76
28,A4,76
12,B12,76
37,B12,76
17,B19,76
12,A18,76
10,A33,76
34,B28,76
43,A4,76
10,A34,76
28,P4,76
43,B15,76
22,A18,76
6,B23,76
11,A20,76
21,B25,76
3,P67,76
11,A4,76
34,A40,76
11,C38,76
28,B25,76
22,B32,76
34,A30,76
34,C53,76
42,A39,76
42,A40,76
41,C53,76
37,A34,76
32,A4,76
46,P58,76
27,B17,76
34,P53,76
37,P17,76
28,B7,76
32,A10,76
38,A4,76
27,A10,76
15,A10,76
14,B23,76
3,A33,76
3,A32,76
14,B12,76
41,A25,76
38,A20,76
27,A4,76
1,P17,76
37,A39,76
41,P70,76
39,B25,76
27,B19,76
16,C38,76
44,P58,76
39,B12,76
27,B25,76
27,B23,76
16,B28,76
31,B15,76
16,A40,76
31,B17,76
31,B19,76
39,B17,76
16,A18,76
31,B25,76
37,A40,76
42,A12,76
12,P13,76
15,P15,76
37,A12,76
21,P53,76
41,C47,72
39,A3,72
14,A3,72
42,A3,72
23,A3,72
31,C14,69
16,P5,69
16,C3,69
21,C3,69
44,C3,69
21,P9,69
22,P5,69
46,P20,69
41,C14,69
17,B21,67
6,B21,67
32,B21,67
21,B22,67
42,B21,67
21,B21,67
3,B10,67
42,B22,67
28,B10,67
27,B21,67
12,B21,67
28,B21,67
43,B10,67
12,B22,67
41,B22,67
36,B10,67
14,B21,67
14,B10,67
3,B21,67
24,P75,66
46,B33,66
16,C32,66
37,P50,66
41,P12,66
3,B33,66
24,A36,66
16,C57,66
16,C6,66
38,C6,66
34,P16,66
25,C6,66
28,A35,66
25,P55,66
27,A16,66
41,C24,66
27,P71,66
12,P71,66
27,A15,66
44,P21,66
15,A16,66
41,P27,66
41,P29,66
37,A19,66
41,P31,66
41,P48,66
16,A36,66
46,P56,66
41,P50,66
12,P16,66
41,P56,66
41,P72,66
31,B33,66
46,P55,66
15,P48,66
16,P27,66
25,C57,66
38,A15,66
10,A15,66
28,C57,66
10,P49,66
3,P38,66
3,P29,66
9,P50,66
34,A36,66
41,C11,66
9,P49,66
21,P21,66
9,P12,66
3,C24,66
46,P48,66
34,C11,66
21,C32,66
21,B33,66
28,P16,66
3,P49,66
19,A15,66
9,P71,66
3,P12,66
37,P27,66
21,P75,66
42,P12,66
42,C24,66
12,A19,66
22,P12,66
16,P74,66
21,P55,66
28,C6,66
27,C57,66
9,P73,66
16,P62,66
16,P55,66
27,C6,66
46,C32,66
27,P10,65
3,P10,65
15,P10,65
19,P10,65
12,P10,65
28,P10,65
38,A38,62
3,A21,62
41,B29,62
3,B13,62
38,A8,62
14,A21,62
28,A43,62
10,A31,62
14,A22,62
38,A22,62
28,A37,62
38,A21,62
32,A11,62
34,A43,62
32,A17,62
11,A43,62
5,A8,62
38,B13,62
11,A17,62
3,A37,62
32,B13,62
32,A43,62
14,A31,62
28,A21,62
7,A8,62
3,A8,62
10,B14,62
10,B13,62
32,A37,62
36,B13,62
11,A21,62
27,A43,62
14,A8,62
21,A43,62
2,A37,62
2,A38,62
43,B13,62
43,B14,62
42,A11,62
31,A38,62
25,B13,62
42,A22,62
21,A38,62
22,A21,62
23,B14,62
21,A22,62
2,A11,62
42,A38,62
42,A8,62
37,A8,62
2,B13,62
27,B29,62
22,B14,62
16,A37,62
18,B13,62
22,A43,62
38,A17,62
15,A22,62
27,B14,62
15,A21,62
15,A17,62
26,B13,62
27,A17,62
27,A22,62
22,A31,62
22,A38,62
14,B29,62
15,A37,62
41,A31,62
23,A14,60
31,A29,60
11,A29,60
3,A14,60
23,C50,60
22,A14,60
38,A14,60
28,A14,60
3,A29,60
12,A14,60
10,A14,60
2,A14,60
15,A29,60
21,B31,57
10,B30,57
7,B1,57
11,C54,57
19,C21,57
22,B24,57
19,C54,57
36,B1,57
42,C54,57
28,B31,57
22,B27,57
42,B26,57
11,B31,57
19,C56,57
11,B2,57
10,C56,57
2,B1,57
22,B30,57
2,C21,57
42,B31,57
43,B26,57
27,B30,57
43,B30,57
42,C56,57
27,C56,57
17,B31,57
15,C21,57
28,B26,57
3,B1,57
25,B2,57
31,B1,57
25,B24,57
17,B2,57
31,B2,57
31,B27,57
47,B24,57
2,B31,57
28,C54,57
41,B30,57
15,C56,57
39,B24,57
15,C54,57
38,B1,57
15,B24,57
15,B27,57
15,B2,57
12,B24,57
17,B1,57
45,C56,57
14,B26,57
28,B27,57
28,B2,57
12,B2,57
3,B31,57
3,B30,57
3,B27,57
12,B26,57
12,B27,57
27,B27,57
14,B31,57
12,C21,57
27,B2,57
41,P23,56
3,P51,56
41,P18,56
41,P51,56
37,P35,56
25,P61,56
34,C26,56
46,P80,56
3,C42,56
34,P44,56
3,P23,56
3,P2,56
25,P18,56
37,P23,56
34,C42,56
37,C26,56
3,C30,56
38,C10,56
24,P63,56
46,P46,56
24,P51,56
3,C1,56
28,P23,56
46,P35,56
22,A42,56
11,C1,56
37,P63,56
37,P46,56
37,C1,56
16,P46,56
44,P64,56
12,C30,56
44,P61,56
37,P61,56
27,P2,56
44,P60,56
37,P60,56
12,C41,56
16,C40,56
16,C16,56
32,C48,56
41,C30,56
15,C41,56
46,P63,56
31,C10,56
44,P46,56
41,C16,56
12,P2,56
27,A42,56
37,P51,56
15,A13,56
12,A1,56
16,P47,56
10,P23,56
10,P18,56
21,P23,56
46,P47,56
9,P7,56
21,P46,56
22,A13,56
10,C40,56
38,C40,56
10,A13,56
21,C41,56
21,P7,56
21,A42,56
9,P2,56
20,C26,56
43,A27,55
12,C45,55
15,A27,55
16,A27,55
22,C44,55
37,C45,55
19,C44,55
32,A27,55
21,C44,55
36,C45,55
36,C44,55
41,C44,55
31,C45,55
37,B8,52
2,C59,52
28,B6,52
37,B6,52
37,B5,52
37,B3,52
36,B3,52
36,C49,52
28,B3,52
37,B16,52
36,B8,52
12,P22,52
38,B16,52
20,C49,52
38,C59,52
27,C29,52
29,P22,52
32,C29,52
42,P79,52
39,C29,52
17,B4,52
38,B3,52
44,B6,52
14,B16,52
15,B8,52
29,P79,52
15,C49,52
31,B3,52
22,B8,52
12,B8,52
12,B5,52
42,B6,52
11,B6,52
11,B16,52
10,C29,52
10,B6,52
10,B16,52
27,B6,52
23,C29,52
28,C59,52
38,C29,52
26,B16,52
3,B16,52
38,B8,52
38,B4,52
27,C59,52
16,C35,50
3,C35,50
15,C35,50
12,C35,50
2,C35,50
32,C35,50
46,C20,48
42,C33,48
45,C13,48
41,C9,48
41,C34,48
37,P3,48
37,P19,48
42,A24,48
41,P34,48
38,C20,48
47,C5,48
37,C7,48
38,C58,48
42,C5,48
42,C4,48
42,C46,48
42,C55,48
42,C9,48
42,P3,48
42,P78,48
39,C19,48
41,C5,48
44,A24,48
39,C7,48
41,C46,48
44,B34,48
44,P34,48
43,A24,48
47,C9,48
2,C5,48
3,P34,48
27,P3,48
25,P78,48
16,P34,48
27,P34,48
32,C13,48
22,C18,48
11,C58,48
12,C46,48
11,C8,48
15,C5,48
15,C4,48
12,C4,48
10,C20,48
22,C34,48
10,P78,48
28,B9,48
28,C13,48
28,C18,48
22,C17,48
34,P19,48
19,C33,48
2,B9,48
11,C27,48
7,C8,48
16,C8,48
27,C28,48
2,B34,48
32,P82,48
27,B9,48
27,B34,48
22,B9,48
32,P78,48
27,C33,48
10,C34,48
11,C34,48
11,C4,48
11,C5,48
12,P19,48
15,B34,48
11,C13,48
6,C13,48
22,C9,48
10,C17,48
14,B9,48
31,C27,48
14,C18,48
25,C9,48
25,C7,48
16,P82,48
31,C17,48
37,C17,48
37,C19,48
15,C55,48
25,B34,48
10,P3,48
31,A24,48
31,B9,48
31,B34,48
15,C58,48
15,A24,48
10,C7,48
12,C34,48
37,C5,48
17,C17,48
10,C46,48
28,C58,48
18,C7,48
12,C28,48
12,C20,48
31,C9,48
31,C7,48
31,C58,48
3,B34,48
31,C5,48
11,C20,48
10,C18,48
35,P3,48
14,A24,48
36,C18,48
17,C20,48
25,P34,48
2,C4,48
21,P52,46
21,C14,46
9,P5,46
27,C3,46
27,C14,46
46,P52,46
16,P20,46
34,P9,46
34,P20,46
41,P20,46
3,P20,46
12,P9,46
24,P52,46
25,B11,43
46,P24,43
9,P26,43
12,P77,43
28,P33,43
41,P57,43
42,P81,43
12,P76,43
46,P25,43
41,P65,43
15,A6,43
44,P25,43
28,B20,43
42,P77,43
42,P76,43
28,A5,43
41,C12,43
22,P33,43
24,P24,43
43,A28,43
41,B20,43
42,A2,43
25,C22,43
3,P40,43
9,P57,43
3,C23,43
9,P6,43
41,P81,43
44,P69,43
25,P32,43
25,P33,43
43,A2,43
25,P37,43
41,P41,43
41,P69,43
3,A5,43
27,C23,43
25,P57,43
3,A28,43
41,C36,43
27,P25,43
9,P39,43
15,B11,43
9,P77,43
42,C23,43
12,P41,43
22,B20,43
27,P33,43
27,C37,43
27,A28,43
12,P39,43
27,A7,43
27,C12,43
12,P36,43
31,A5,43
21,P81,43
25,P77,43
27,C22,43
21,P69,43
9,P36,43
41,P39,43
42,P65,43
41,P37,43
3,A41,43
42,P33,43
21,P68,43
27,P68,43
27,P37,43
22,C22,43
9,P76,43
46,P40,43
21,P76,43
27,P41,43
27,P40,43
27,P39,43
25,P6,43
23,P6,43
31,A6,43
32,P26,43
18,B11,43
3,P76,43
44,C23,43
46,P69,43
32,P77,43
37,P68,43
3,P66,43
32,P69,43
16,C22,43
36,C36,43
38,P33,43
17,C12,43
38,P6,43
38,P77,43
34,P6,43
16,A41,43
39,A2,43
32,P6,43
32,P39,43
39,A6,43
39,A7,43
38,C37,43
38,C36,43
19,P37,43
34,P37,43
38,A41,43
38,A6,43
2,A5,43
38,A7,43
18,P40,43
2,A7,43
16,P40,43
18,P69,43
34,P39,43
34,P69,43
11,B20,43
34,P33,43
18,P77,43
11,A2,43
16,P32,43
5,A2,43
38,C12,43
10,P77,43
34,P77,43
46,C22,43
32,P33,43
37,A41,43
46,P66,43
45,P6,43
47,A6,43
12,A28,43
21,A28,43
7,C2,43
2,C2,43
31,P33,43
45,P77,43
10,P33,43
3,P57,43
21,C23,43
41,A28,43
16,P68,43
10,P26,43
45,A2,43
31,C2,43
44,P81,43
16,P66,43
9,P25,43
21,C37,43
16,P36,43
21,B11,43
17,A6,43
46,P65,43
39,P36,43
39,P39,43
21,A41,43
21,C12,43
2,C12,43
31,P69,43
37,A6,43
31,P6,43
32,B11,43
3,C50,40
34,C51,40
21,C50,40
38,C51,40
15,A30,38
17,P17,38
22,P11,38
42,B12,38
16,P67,38
15,A25,38
23,P1,38
17,B17,38
42,B15,38
18,P15,38
42,B25,38
17,A4,38
23,A4,38
23,A10,38
16,P53,38
42,B19,38
22,P15,38
17,B32,38
42,B17,38
17,A10,38
3,P11,38
18,B17,38
3,C52,38
7,B28,38
15,A33,38
18,B12,38
22,B7,38
6,B28,38
3,P13,38
22,A12,38
21,A30,38
42,P1,38
42,P15,38
21,A33,38
21,A34,38
16,A39,38
21,A39,38
21,P67,38
3,P59,38
3,P4,38
46,C52,38
43,P13,38
21,C38,38
43,B28,38
43,B19,38
15,P70,38
21,P58,38
43,A25,38
15,P43,38
10,P1,38
21,A25,38
22,A26,38
22,A39,38
15,B23,38
18,P67,38
7,C53,38
3,P14,38
3,P17,38
4,B15,38
19,P1,38
19,P14,38
19,P15,38
44,C52,38
15,B25,38
15,B32,38
15,P13,38
16,P17,38
15,B28,38
22,B28,38
46,C38,38
9,P11,38
22,B25,38
22,B23,38
21,A20,38
23,P4,38
3,A30,38
42,A4,38
15,A12,38
32,A30,38
38,A34,38
12,A25,38
34,P67,38
31,P59,38
34,P70,38
12,A26,38
12,A32,38
31,P17,38
41,A26,38
31,P15,38
31,P1,38
12,A34,38
41,A39,38
39,P14,38
31,C38,38
12,B15,38
31,B28,38
31,A39,38
12,B32,38
2,A40,38
44,P70,38
10,B19,38
30,P15,38
30,P1,38
2,P13,38
28,C53,38
38,B19,38
32,A32,38
34,P59,38
28,C38,38
34,B12,38
38,B7,38
34,P17,38
34,P15,38
11,A30,38
38,B12,38
34,P11,38
2,B17,38
34,P1,38
11,A33,38
11,B28,38
11,B7,38
34,B25,38
34,P43,38
34,A32,38
32,A34,38
34,A25,38
38,C53,38
33,P17,38
34,P58,38
38,P1,38
38,P15,38
38,P17,38
32,P67,38
39,A10,38
32,P15,38
11,C53,38
32,A40,38
32,A39,38
38,A12,38
2,P15,38
41,B7,38
10,P4,38
27,A39,38
27,A34,38
27,A32,38
12,P4,38
27,A20,38
27,A12,38
37,A30,38
2,A12,38
12,P59,38
25,P70,38
47,A10,38
41,P43,38
37,B17,38
47,A4,38
2,A10,38
27,B28,38
3,B12,38
25,P43,38
3,B23,38
41,P67,38
14,A12,38
37,P11,38
14,B32,38
42,A10,38
25,P17,38
25,P14,38
37,P1,38
42,A26,38
9,P53,38
42,A34,38
28,B17,38
27,B12,38
3,A34,38
12,P11,38
28,B15,38
28,A26,38
28,A25,38
10,B15,38
28,A18,38
2,A30,38
44,P53,38
2,P4,38
10,A18,38
10,P70,38
16,P58,38
11,A18,38
27,C38,38
12,P14,38
12,P15,38
37,A10,38
27,P13,38
10,P43,38
41,C52,38
27,P11,38
3,A12,38
21,C47,36
23,C47,36
46,C47,36
27,C47,36
16,P45,33
10,P71,33
10,P72,33
11,A15,33
10,P27,33
46,A36,33
10,P50,33
10,C57,33
12,A36,33
16,P30,33
16,P29,33
14,C57,33
14,A16,33
14,A15,33
12,P74,33
12,P72,33
9,P74,33
9,P75,33
44,P29,33
12,P56,33
12,P50,33
12,P21,33
44,P45,33
12,C57,33
10,A16,33
15,C11,33
44,P55,33
15,C24,33
12,C32,33
12,C11,33
44,P75,33
12,B33,33
15,P75,33
9,P21,33
16,A19,33
10,C25,33
16,A23,33
16,C24,33
9,P16,33
11,C11,33
16,P56,33
37,C57,33
27,A36,33
28,A23,33
2,P16,33
46,P45,33
28,P50,33
29,P28,33
29,P54,33
30,P16,33
2,C6,33
46,P49,33
31,A23,33
31,A35,33
31,A36,33
31,C11,33
31,C15,33
41,A35,33
31,C6,33
28,A36,33
27,P73,33
31,P30,33
27,P72,33
25,P74,33
3,A35,33
27,A19,33
41,P21,33
27,A23,33
16,P73,33
41,C6,33
27,C25,33
3,A15,33
46,P38,33
27,P16,33
27,P30,33
2,P50,33
41,C25,33
27,P48,33
31,P21,33
41,A19,33
25,P73,33
46,P72,33
34,P29,33
34,P48,33
34,P49,33
34,P71,33
34,P73,33
2,A35,33
36,C15,33
2,A23,33
36,P16,33
2,A15,33
37,P56,33
37,P29,33
37,C24,33
37,P21,33
37,C32,33
46,P73,33
38,C24,33
31,P56,33
46,P71,33
31,P72,33
46,P62,33
32,A16,33
40,B33,33
32,C6,33
38,P29,33
38,P16,33
38,P12,33
33,P12,33
38,C57,33
34,A23,33
2,B33,33
34,C24,33
34,C25,33
38,C31,33
41,P30,33
10,P16,33
3,A36,33
21,A36,33
3,P56,33
21,P30,33
21,P38,33
43,A36,33
43,A23,33
43,A15,33
21,P62,33
42,P75,33
42,P74,33
42,P73,33
41,P45,33
42,C6,33
42,C57,33
22,A15,33
3,P30,33
21,C31,33
21,A35,33
42,C31,33
44,A23,33
7,A15,33
18,P12,33
18,P16,33
18,P29,33
18,P74,33
5,C11,33
19,P12,33
19,P29,33
44,A36,33
19,P48,33
19,P49,33
3,P75,33
19,P50,33
3,P73,33
19,P55,33
22,B33,33
21,P73,33
3,P27,33
24,P31,33
41,P74,33
25,P30,33
41,P73,33
25,P16,33
41,P71,33
25,P38,33
25,P12,33
46,P21,33
25,P48,33
25,A35,33
41,P55,33
41,P75,33
41,P49,33
25,P49,33
22,P49,33
22,C6,33
3,C32,33
42,C25,33
25,P50,33
10,C43,28
2,A1,28
10,A1,28
47,C41,28
10,C41,28
5,P23,28
2,A42,28
9,P61,28
9,P80,28
3,A1,28
3,P8,28
46,P18,28
3,P61,28
3,C26,28
2,C48,28
2,C40,28
2,C30,28
3,P18,28
46,P60,28
3,C48,28
3,C41,28
9,P35,28
2,C10,28
9,P60,28
3,P44,28
10,C26,28
3,P47,28
10,A42,28
46,P42,28
3,C16,28
3,P60,28
10,C1,28
7,C30,28
21,P35,28
10,P2,28
25,P42,28
27,P60,28
27,P46,28
27,P18,28
41,C43,28
27,C43,28
27,C40,28
27,C10,28
27,C1,28
25,P8,28
25,P7,28
41,P35,28
41,P47,28
25,P44,28
41,P60,28
41,P7,28
27,P8,28
25,P23,28
25,A1,28
24,P64,28
42,A42,28
23,A1,28
22,P42,28
22,P35,28
10,P46,28
42,C10,28
22,C1,28
42,P61,28
42,P80,28
21,P60,28
21,P47,28
27,P7,28
28,C40,28
21,P18,28
38,C41,28
37,C43,28
37,P2,28
37,C10,28
37,P42,28
37,P47,28
37,A1,28
37,P7,28
38,A1,28
35,A13,28
34,P80,28
34,P60,28
34,P46,28
34,P42,28
34,P23,28
38,C42,28
28,C41,28
33,A13,28
32,P2,28
32,C10,28
32,A13,28
31,P7,28
31,P46,28
31,C41,28
31,C30,28
31,C16,28
31,C1,28
31,A42,28
30,P8,28
28,P8,28
28,C42,28
21,P44,28
22,C26,28
15,C42,28
16,P8,28
16,P35,28
16,C48,28
16,C43,28
15,P2,28
43,C10,28
44,C43,28
15,C1,28
44,C48,28
15,A1,28
14,C40,28
14,A42,28
12,P7,28
12,P61,28
12,P60,28
44,P35,28
12,P18,28
12,C42,28
12,C40,28
12,C16,28
12,C1,28
12,A42,28
12,A13,28
11,P18,28
11,C41,28
11,A42,28
11,A13,28
10,P47,28
16,P64,28
1,C30,28
19,P44,28
21,C16,28
19,P60,28
19,C42,28
19,C40,28
19,A1,28
20,C42,28
18,P80,28
18,P23,28
43,P2,28
19,C48,28
18,C10,28
19,P47,28
16,C49,26
23,C49,26
32,C49,26
12,P5,23
38,C14,23
19,P5,23
12,P52,23
38,P9,23
19,P52,23
25,P5,23
42,C14,23
22,C14,23
31,P5,23
35,C14,23
10,C3,23
37,P5,23
21,P5,23
10,P9,23
43,C14,23
42,C3,23
3,P5,23
41,P5,23
30,P5,23
17,P20,23
7,C14,23
18,P20,23
16,P52,23
8,C14,23
3,C14,23
15,P9,23
3,C3,23
9,P52,23
25,P20,23
3,P9,23
14,C14,23
34,C50,20
10,C50,20
23,C51,20
2,C50,20
12,C50,20
27,C50,20
2,C51,20
15,C50,20
42,C51,20
45,C51,20
3,C51,20
12,C47,18
2,C47,18
37,C47,18
31,C47,18
